id,hipotese,status,metodo,evidencia,comando_uid
H01,O scanner AST de exclusividade de run_cmd() varre apenas src/cortes/ e deixa src/youtube_clipper/ sem verificação,CONFIRMADA,"Raiz varrida extraída do AST do próprio teste; scanner do teste reaplicado a todo src/; cada ocorrência classificada",evidencias/06-subprocess-scan.txt,audit_t0_20260727T015741Z#0007
H02,Módulos de estágio ausentes fazem o teste de decorador @audited passar por vacuidade,CONFIRMADA,"Três cenários executados em cópia temporária: sem módulo (passa), módulo sem @audited (falha), módulo com @audited (passa)",evidencias/07-stage-modules.txt,audit_t0_20260727T015741Z#0008
H03,As evidências do golden run não são portáveis e a verificação depende da máquina original,CONFIRMADA,"Inventário de 54 referências absolutas; prova de controle destruindo os artefatos da cópia relocada; execução em contêiner sem acesso a /home",evidencias/08-portabilidade.txt,audit_t0_20260727T015741Z#0009
H04,O verificador modifica o run verificado e grava fora dele,CONFIRMADA,"Hash de árvore antes/depois sobre CÓPIA ISOLADA; árvore do diretório de trabalho antes/depois; área oficial review/T0 conferida por hash",evidencias/09-verificador-readonly.txt,audit_t0_20260727T015741Z#0010
H05,O corte de URL do YouTube aplica o offset absoluto duas vezes,CONFIRMADA,"Pipeline real executado com downloader monkeypatchado devolvendo trecho de 30 s já recortado em t=0; intervalo 60-90 s; comando FFmpeg capturado; saída medida por ffprobe; cenário de controle 0-10 s",evidencias/10-corte-duplo.att3.txt,audit_t0_20260727T015741Z#0014
H06,O dashboard possui superfície insegura quando exposto,CONFIRMADA,"AST para bind, autenticação, allowlist e mutação de ambiente; servidor vivo em 127.0.0.1 porta efêmera; requisições anônimas; 8 clientes concorrentes; uploader substituído por dublê (nenhum envio real)",evidencias/11-dashboard-superficie.att3.txt,audit_t0_20260727T015741Z#0018
H07,Não existe CI independente comprovando a suíte,CONFIRMADA,"Ausência de .github/; API do GitHub consultada de forma autenticada: 0 workflows e 0 check-runs no commit baseline",evidencias/12-ci-e-branches.att2.txt,audit_t0_20260727T015741Z#0019
H08,A disciplina de branch da própria T0 foi descumprida,CONFIRMADA,"Histórico do Git: os dois commits de implementação T0 estão em origin/main; agents.md registra a proibição por escrito; nenhum PR de implementação",evidencias/12-ci-e-branches.att2.txt,audit_t0_20260727T015741Z#0019
E4,Avaliação dos testes de mutação (Etapa 4 do plano),PARCIALMENTE_CONFORME,"Mapeamento check_id x teste via AST; mutação do próprio teste em cópia (controle, inversão e remoção da corrupção); injeção de segundo MP4; três corrupções relevantes aplicadas",evidencias/14-mutacao-cobertura.att3.txt,audit_t0_20260727T015741Z#0022
